{
    "accuracy": 0.6243179563492064,
    "precision": 0.6787192747912563,
    "recall": 0.3563845125532432,
    "f1": 0.4642020610535543
}