{
    "accuracy": 0.6482371794871795,
    "precision": 0.669187062937063,
    "recall": 0.25259443242179813,
    "f1": 0.36660624512374684
}