{
    "accuracy": 0.8333333333333334,
    "precision": 0.646031746031746,
    "recall": 0.9333333333333332,
    "f1": 0.7593582887700534
}