{
    "accuracy": 0.11944444444444445,
    "precision": 0.11944444444444445,
    "recall": 1.0,
    "f1": 0.21336552105782872
}