{
    "accuracy": 0.6944444444444443,
    "precision": 0.7771439087228561,
    "recall": 0.6257321110262287,
    "f1": 0.6927913279132792
}