{
    "accuracy": 0.6972641941391942,
    "precision": 0.7542784421460892,
    "recall": 0.5808739883215491,
    "f1": 0.6510919985896348
}