{
    "accuracy": 0.7065795068027211,
    "precision": 0.6063550420168067,
    "recall": 0.18239966657906487,
    "f1": 0.2791345619257437
}