{
    "accuracy": 0.64,
    "precision": 0.6770943796394486,
    "recall": 0.8799283154121864,
    "f1": 0.7652439024390244
}