{
    "accuracy": 0.8036581296196681,
    "precision": 0.5473345956942215,
    "recall": 0.28239463437249157,
    "f1": 0.3675715521753097
}