{
    "accuracy": 0.9540348639455782,
    "precision": 0.5158412771646226,
    "recall": 0.8603614505012531,
    "f1": 0.642472672565029
}