{
    "accuracy": 0.6953061458743277,
    "precision": 0.6366659573923106,
    "recall": 0.7024004902087501,
    "f1": 0.6667925125859989
}