{
    "accuracy": 0.5,
    "precision": 0.7067226890756303,
    "recall": 0.2457554266064904,
    "f1": 0.3605411136607613
}