{
    "accuracy": 0.6842105263157895,
    "precision": 0.8461538461538461,
    "recall": 0.7333333333333333,
    "f1": 0.7857142857142856
}