{
    "accuracy": 0.875,
    "precision": 0.8974358974358975,
    "recall": 0.9722222222222222,
    "f1": 0.9333333333333333
}