{
    "accuracy": 0.8888888888888888,
    "precision": 0.7727272727272728,
    "recall": 1.0,
    "f1": 0.8714285714285714
}