{
    "accuracy": 0.9072916666666666,
    "precision": 0.7698412698412698,
    "recall": 0.46697741596638653,
    "f1": 0.5717032967032967
}