{
    "accuracy": 0.7727243278263687,
    "precision": 0.7712585034013605,
    "recall": 0.2403128445053911,
    "f1": 0.3647178462028086
}