{
    "accuracy": 0.8958971088435375,
    "precision": 0.7409473087480606,
    "recall": 0.824410733578815,
    "f1": 0.7731314991767954
}