{
    "accuracy": 0.8028573979331556,
    "precision": 0.2449689933405872,
    "recall": 0.37337721391228174,
    "f1": 0.2947304731746189
}