{
    "accuracy": 0.9277777777777777,
    "precision": 0.9333333333333332,
    "recall": 0.8974358974358975,
    "f1": 0.9099923722349352
}