{
    "accuracy": 0.5708812260536398,
    "precision": 0.46200716845878137,
    "recall": 0.33636991028295377,
    "f1": 0.3874534821903243
}