{
    "accuracy": 0.6666666666666666,
    "precision": 0.6666666666666666,
    "recall": 0.8571428571428571,
    "f1": 0.75
}