{
    "accuracy": 0.4756410256410256,
    "precision": 0.20666666666666664,
    "recall": 0.20444444444444443,
    "f1": 0.2048292774948123
}