{
    "accuracy": 0.8214285714285714,
    "precision": 0.9868421052631579,
    "recall": 0.8130252100840336,
    "f1": 0.8899090157154673
}