{
    "accuracy": 0.651,
    "precision": 0.6108282828282828,
    "recall": 0.8906666666666666,
    "f1": 0.7177493977493977
}