{
    "accuracy": 0.5227272727272727,
    "precision": 0.3107142857142857,
    "recall": 0.8611111111111112,
    "f1": 0.44528301886792454
}